id,name,age,email
1,John Doe,30,john.doe@gmail.com
2,Jane Smith,25,jane.smith@yahoo.com
3,Bob Johnson,40,bob.johnson@gmail.com
4,Alice Brown,28,alice.brown@eyahoo.com
5,Charlie Davis,35,charlie.davis@outlook.com
6,Eva Wilson,22,eva.wilson@gmail.com
7,George Harris,45,george.harris@gmail.com
8,Linda Clark,33,linda.clark@gmail.com
9,Michael Lewis,29,michael.lewis@yahoo.com
10,Sarah Young,31,sarah.young@gmail.com
11,David Hall,37,david.hall@gmail.com
12,Olivia Allen,24,olivia.allen@outlook.com
13,James Wright,50,james.wright@gmail.com
14,Emily King,27,emily.king@outlook.com
15,Daniel Scott,32,daniel.scott@gmail.com
16,Sophia Adams,26,sophia.adams@gmail.com
17,Matthew Baker,39,matthew.baker@outlook.com
18,Grace Nelson,23,grace.nelson@gmail.com
19,Anthony Hill,41,anthony.hill@gmail.com
20,Isabella Rivera,21,isabella.rivera@outlook.com